{
 ",": [
  0,
  1730855
 ],
 "\u7684": [
  1,
  1398740
 ],
 "\u3002": [
  2,
  945639
 ],
 "\u662f": [
  3,
  330279
 ],
 "\u5728": [
  4,
  309533
 ],
 "\u6211": [
  5,
  212110
 ],
 "\u6709": [
  6,
  183334
 ],
 "\u4e0d": [
  7,
  172856
 ],
 "\u548c": [
  8,
  168185
 ],
 "\u6211\u4eec": [
  9,
  165438
 ],
 "\u653f\u5e9c": [
  10,
  160473
 ],
 "\u4f1a": [
  11,
  151149
 ],
 "\u8bae\u5458": [
  12,
  144913
 ],
 "\u3001": [
  13,
  139240
 ],
 "\u8fd9": [
  14,
  138648
 ],
 "\u53ca": [
  15,
  118597
 ],
 ":": [
  16,
  117544
 ],
 "\u4e3b\u5e2d": [
  17,
  114377
 ],
 "\u4e00": [
  18,
  109856
 ],
 "\u4e86": [
  19,
  107319
 ],
 "\u5bf9": [
  20,
  102693
 ],
 "\u95ee\u9898": [
  21,
  94823
 ],
 "?": [
  22,
  94039
 ],
 "\u9999\u6e2f": [
  23,
  91291
 ],
 "(": [
  24,
  89297
 ],
 ")": [
  25,
  89293
 ],
 "\u4e3a": [
  26,
  87075
 ],
 "\u6240": [
  27,
  81830
 ],
 "\u800c": [
  28,
  79807
 ],
 "\u8981": [
  29,
  77174
 ],
 "\u201c": [
  30,
  73435
 ],
 "\u4e2d": [
  31,
  72040
 ],
 "\u4ee5": [
  32,
  71414
 ],
 "\u4eba": [
  33,
  69940
 ],
 "\u4e0e": [
  34,
  68628
 ],
 "\u5c06": [
  35,
  68024
 ],
 "\u201d": [
  36,
  66875
 ],
 "\u6709\u5173": [
  37,
  65661
 ],
 "\u5df2": [
  38,
  65509
 ],
 "\u6761\u4f8b": [
  39,
  65230
 ],
 "\u5e76": [
  40,
  65000
 ],
 "\u8bf4": [
  41,
  63408
 ],
 "\u4e5f": [
  42,
  62888
 ],
 "\u5c31": [
  43,
  62205
 ],
 "\u4e00\u4e2a": [
  44,
  61559
 ],
 "\u4f46": [
  45,
  61205
 ],
 "\u5c40": [
  46,
  60075
 ],
 "\u4e0a": [
  47,
  59811
 ],
 "\u53d1\u5c55": [
  48,
  58375
 ],
 "\u6216": [
  49,
  56396
 ],
 "\u4ed6\u4eec": [
  50,
  54493
 ],
 "\u4e2d\u56fd": [
  51,
  53376
 ],
 "\u9879": [
  52,
  52743
 ],
 "\u5de5\u4f5c": [
  53,
  52613
 ],
 "\u591a": [
  54,
  52612
 ],
 "\u63d0\u51fa": [
  55,
  52452
 ],
 "\u4ea6": [
  56,
  51894
 ],
 "\u65b9\u9762": [
  57,
  51499
 ],
 "\u90fd": [
  58,
  51167
 ],
 "\u65f6": [
  59,
  51059
 ],
 "\u53ef\u4ee5": [
  60,
  50522
 ],
 "\u59d4\u5458\u4f1a": [
  61,
  48983
 ],
 "\u5148\u751f": [
  62,
  48811
 ],
 "\u8fd9\u4e9b": [
  63,
  48568
 ],
 "\u8ba1\u5212": [
  64,
  48120
 ],
 "\u4e24": [
  65,
  47957
 ],
 "\u53ef": [
  66,
  47148
 ],
 "\u8349\u6848": [
  67,
  47013
 ],
 "\u80fd": [
  68,
  46446
 ],
 "\u8fdb\u884c": [
  69,
  45934
 ],
 "\u7ecf\u6d4e": [
  70,
  45812
 ],
 "\u4e2a": [
  71,
  45695
 ],
 ".": [
  72,
  44238
 ],
 "\u5e94": [
  73,
  44236
 ],
 "\u6ca1\u6709": [
  74,
  44116
 ],
 "\u66f4": [
  75,
  43605
 ],
 "\u5efa\u8bae": [
  76,
  43454
 ],
 "\ufe50": [
  77,
  43238
 ],
 "\u8ba4\u4e3a": [
  78,
  42569
 ],
 "\u4ed6": [
  79,
  42471
 ],
 "\u5411": [
  80,
  41832
 ],
 "\u670d\u52a1": [
  81,
  41743
 ],
 "\u793e\u4f1a": [
  82,
  41228
 ],
 "\u60c5\u51b5": [
  83,
  40238
 ],
 "\u4e8e": [
  84,
  40184
 ],
 "\u65b0": [
  85,
  39810
 ],
 "\u540e": [
  86,
  39413
 ],
 "\u5f88": [
  87,
  39013
 ],
 "\u5230": [
  88,
  38470
 ],
 "\u63d0\u4f9b": [
  89,
  37426
 ],
 "\u5927": [
  90,
  37346
 ],
 "\u672c": [
  91,
  37224
 ],
 "\u7531": [
  92,
  36964
 ],
 "\u6761": [
  93,
  36433
 ],
 "\u4eba\u58eb": [
  94,
  36323
 ],
 "\u4fbf": [
  95,
  35507
 ],
 "\u4fee\u8ba2": [
  96,
  35065
 ],
 "\u8be5": [
  97,
  34790
 ],
 "\u5e0c\u671b": [
  98,
  34720
 ],
 "\u5185": [
  99,
  34280
 ],
 "\u662f\u5426": [
  100,
  33730
 ],
 ";": [
  101,
  33604
 ],
 "\u8fd9\u4e2a": [
  102,
  33344
 ],
 "\u5e02\u6c11": [
  103,
  33286
 ],
 "\u5982\u679c": [
  104,
  33200
 ],
 "\u5730": [
  105,
  33079
 ],
 "\u4e0b": [
  106,
  32948
 ],
 "\u300a": [
  107,
  32862
 ],
 "\u300b": [
  108,
  32719
 ],
 "\u653f\u7b56": [
  109,
  32314
 ],
 "\u652f\u6301": [
  110,
  31952
 ],
 "\u4f5c\u51fa": [
  111,
  31717
 ],
 "\u6b64": [
  112,
  31656
 ],
 "\u7b49": [
  113,
  31322
 ],
 "\u5f53\u5c40": [
  114,
  31309
 ],
 "\u53ea": [
  115,
  31262
 ],
 "\u5e74": [
  116,
  31187
 ],
 "\u5176\u4ed6": [
  117,
  30943
 ],
 "\u672c\u6e2f": [
  118,
  30820
 ],
 "\u56e0\u6b64": [
  119,
  30315
 ],
 "\u300c": [
  120,
  30254
 ],
 "\u300d": [
  121,
  30205
 ],
 "\u5176": [
  122,
  30164
 ],
 "\u516c\u53f8": [
  123,
  29817
 ],
 "\u5fc5\u987b": [
  124,
  29738
 ],
 "\u9700\u8981": [
  125,
  29515
 ],
 "\u610f\u89c1": [
  126,
  29362
 ],
 "\u6559\u80b2": [
  127,
  29291
 ],
 "\u60f3": [
  128,
  29056
 ],
 "\u987b": [
  129,
  28163
 ],
 "\u4e00\u4e9b": [
  130,
  28068
 ],
 "\u53ef\u80fd": [
  131,
  27805
 ],
 "\u8003\u8651": [
  132,
  27475
 ],
 "\u81f3": [
  133,
  27355
 ],
 "\u56e0\u4e3a": [
  134,
  27341
 ],
 "\u6b21": [
  135,
  26761
 ],
 "\u6765": [
  136,
  26274
 ],
 "\u52a8\u8bae": [
  137,
  25833
 ],
 "\u7814\u7a76": [
  138,
  25692
 ],
 "\u6700": [
  139,
  25644
 ],
 "\u91cd\u8981": [
  140,
  25220
 ],
 "\u5462": [
  141,
  24773
 ],
 "\u56fd\u5bb6": [
  142,
  24553
 ],
 "\u5173\u7cfb": [
  143,
  23808
 ],
 "\u73b0\u5728": [
  144,
  23783
 ],
 "\u8981\u6c42": [
  145,
  23780
 ],
 "\u4f7f": [
  146,
  23397
 ],
 "\u5c40\u957f": [
  147,
  23309
 ],
 "\u73b0\u65f6": [
  148,
  23302
 ],
 "\u5143": [
  149,
  23185
 ],
 "\u7f8e\u56fd": [
  150,
  23172
 ],
 "\u5f71\u54cd": [
  151,
  22971
 ],
 "\u8868\u793a": [
  152,
  22883
 ],
 "\u63aa\u65bd": [
  153,
  22791
 ],
 "\u628a": [
  154,
  22467
 ],
 "\u89c4\u5b9a": [
  155,
  22440
 ],
 "\u4ee5\u53ca": [
  156,
  22294
 ],
 "\u6839\u636e": [
  157,
  22286
 ],
 "\u53c8": [
  158,
  22256
 ],
 "\u5404": [
  159,
  21844
 ],
 "\u5305\u62ec": [
  160,
  21687
 ],
 "\u589e\u52a0": [
  161,
  21681
 ],
 "\u4ece": [
  162,
  21635
 ],
 "\u4eca\u5929": [
  163,
  21582
 ],
 "\u673a\u6784": [
  164,
  21558
 ],
 "\u4ee4": [
  165,
  21062
 ],
 "\u76f8\u4fe1": [
  166,
  20910
 ],
 "\u88ab": [
  167,
  20905
 ],
 "\u7acb\u6cd5": [
  168,
  20696
 ],
 "\u884c\u653f": [
  169,
  20573
 ],
 "\u901a\u8fc7": [
  170,
  20572
 ],
 "\u62a5\u544a": [
  171,
  20522
 ],
 "\u53f8": [
  172,
  20426
 ],
 "\u5904\u7406": [
  173,
  20359
 ],
 "\u8fd9\u6837": [
  174,
  20316
 ],
 "\u8fd8": [
  175,
  20121
 ],
 "\u5219": [
  176,
  20036
 ],
 "\u4f1a\u8bae": [
  177,
  19965
 ],
 "\u4efb\u4f55": [
  178,
  19963
 ],
 "\u8f83": [
  179,
  19943
 ],
 "\u73af\u5883": [
  180,
  19614
 ],
 "\u5236\u5ea6": [
  181,
  19574
 ],
 "\u56fd\u9645": [
  182,
  19415
 ],
 "\u4f5c": [
  183,
  19362
 ],
 "\u505a": [
  184,
  19320
 ],
 "\u8fc7": [
  185,
  19241
 ],
 "\u6539\u5584": [
  186,
  19230
 ],
 "\u4e0d\u8fc7": [
  187,
  19174
 ],
 "\u524d": [
  188,
  19023
 ],
 "\u7ee7\u7eed": [
  189,
  18945
 ],
 "\u7f72": [
  190,
  18927
 ],
 "\u65f6\u95f4": [
  191,
  18906
 ],
 "\u51fa": [
  192,
  18700
 ],
 "\u51b3\u5b9a": [
  193,
  18566
 ],
 "\u4e3b\u8981": [
  194,
  18493
 ],
 "\u624d": [
  195,
  18381
 ],
 "\u6cd5\u5f8b": [
  196,
  18346
 ],
 "\u4f4d": [
  197,
  18325
 ],
 "\u95ee": [
  198,
  18214
 ],
 "\u76ee\u524d": [
  199,
  18190
 ],
 "\u5f88\u591a": [
  200,
  18178
 ],
 "\u518d": [
  201,
  18170
 ],
 "\u4e4b": [
  202,
  17982
 ],
 "\u8bd1\u6587": [
  203,
  17923
 ],
 "\u5e94\u8be5": [
  204,
  17895
 ],
 "\u7528": [
  205,
  17861
 ],
 "\u7531\u4e8e": [
  206,
  17722
 ],
 "\u5408\u4f5c": [
  207,
  17570
 ],
 "\u540d": [
  208,
  17507
 ],
 "\u6240\u4ee5": [
  209,
  17327
 ],
 "\u89e3\u51b3": [
  210,
  17241
 ],
 "\u5426": [
  211,
  17184
 ],
 "\u672a": [
  212,
  17072
 ],
 "\u5f97": [
  213,
  17042
 ],
 "\u68c0\u8ba8": [
  214,
  16936
 ],
 "\u6cd5\u4f8b": [
  215,
  16926
 ],
 "\u4f60": [
  216,
  16607
 ],
 "\u5982": [
  217,
  16586
 ],
 "\u4efd": [
  218,
  16510
 ],
 "\u4fdd\u969c": [
  219,
  16385
 ],
 "\u5de5\u7a0b": [
  220,
  16354
 ],
 "\u8bae\u6848": [
  221,
  16353
 ],
 "\u8ba9": [
  222,
  16295
 ],
 "\u5e02\u573a": [
  223,
  16214
 ],
 "\u4fee\u6b63\u6848": [
  224,
  16165
 ],
 "\u6b64\u5916": [
  225,
  16165
 ],
 "\u7279\u522b": [
  226,
  16160
 ],
 "\u4e09": [
  227,
  16137
 ],
 "\u4e8b\u52a1": [
  228,
  16129
 ],
 "\u4ecd": [
  229,
  16052
 ],
 "\u5df2\u7ecf": [
  230,
  16010
 ],
 "\u521a\u624d": [
  231,
  15937
 ],
 "\u6e2f": [
  232,
  15814
 ],
 "\u65e0": [
  233,
  15765
 ],
 "\u8d44\u6599": [
  234,
  15760
 ],
 "\u5176\u5b9e": [
  235,
  15735
 ],
 "\u52a0\u5f3a": [
  236,
  15703
 ],
 "\u4eba\u5458": [
  237,
  15668
 ],
 "\u56fd": [
  238,
  15660
 ],
 "\u533a": [
  239,
  15654
 ],
 "\u66fe": [
  240,
  15512
 ],
 "\u7ba1\u7406": [
  241,
  15479
 ],
 "\u91c7\u53d6": [
  242,
  15309
 ],
 "\u4ee3\u8868": [
  243,
  15182
 ],
 "\u597d": [
  244,
  15153
 ],
 "\u6240\u6709": [
  245,
  15146
 ],
 "\"": [
  246,
  15019
 ],
 "\u5b89\u5168": [
  247,
  14982
 ],
 "\u53d7": [
  248,
  14942
 ],
 "\u83b7\u5f97": [
  249,
  14894
 ],
 "\u751a\u4e48": [
  250,
  14772
 ],
 "\u5982\u4f55": [
  251,
  14658
 ],
 "\u526f": [
  252,
  14650
 ],
 "\u4f5c\u4e3a": [
  253,
  14642
 ],
 "\u83b7": [
  254,
  14642
 ],
 "\u53cd\u5bf9": [
  255,
  14520
 ],
 "\u5374": [
  256,
  14489
 ],
 "\u5730\u533a": [
  257,
  14394
 ],
 "\u80fd\u591f": [
  258,
  14234
 ],
 "\u9ad8": [
  259,
  14144
 ],
 "\u90e8\u5206": [
  260,
  14126
 ],
 "\u53d1\u8a00": [
  261,
  14039
 ],
 "\u6d3b\u52a8": [
  262,
  14003
 ],
 "\u77e5\u9053": [
  263,
  13992
 ],
 "\u8ba8\u8bba": [
  264,
  13991
 ],
 "\u5404\u4f4d": [
  265,
  13870
 ],
 "\u7535": [
  266,
  13790
 ],
 "\u539f\u5219": [
  267,
  13756
 ],
 "\u6307\u51fa": [
  268,
  13701
 ],
 "\u8d23\u4efb": [
  269,
  13623
 ],
 "\u51fa\u73b0": [
  270,
  13615
 ],
 "\u5c0f\u7ec4": [
  271,
  13608
 ],
 "\u8fd9\u79cd": [
  272,
  13594
 ],
 "\u53f0\u6e7e": [
  273,
  13550
 ],
 "\u5229\u76ca": [
  274,
  13539
 ],
 "\u4e8c": [
  275,
  13495
 ],
 "\u63a5\u53d7": [
  276,
  13409
 ],
 "\u5373": [
  277,
  13354
 ],
 "\u7b2c\u4e00": [
  278,
  13350
 ],
 "\u540c\u65f6": [
  279,
  13305
 ],
 "\u53bb": [
  280,
  13302
 ],
 "\u63d0\u9ad8": [
  281,
  13284
 ],
 "\u8d22\u653f": [
  282,
  13258
 ],
 "\u798f\u5229": [
  283,
  13236
 ],
 "\u5bf9\u4e8e": [
  284,
  13230
 ],
 "\u623f\u5c4b": [
  285,
  13126
 ],
 "\u653f\u6cbb": [
  286,
  13094
 ],
 "\u8ba2": [
  287,
  13092
 ],
 "\u4e0d\u540c": [
  288,
  13080
 ],
 "\u5f53\u7136": [
  289,
  13069
 ],
 "\u5927\u5bb6": [
  290,
  13067
 ],
 "\u8fc7\u53bb": [
  291,
  12939
 ],
 "\u70b9": [
  292,
  12917
 ],
 "\u4eba\u6c11": [
  293,
  12899
 ],
 "\u7b54\u590d": [
  294,
  12825
 ],
 "\u8be2": [
  295,
  12802
 ],
 "\u5176\u4e2d": [
  296,
  12743
 ],
 "\u8c18": [
  297,
  12718
 ],
 "\u56e0": [
  298,
  12695
 ],
 "\u867d\u7136": [
  299,
  12679
 ],
 "\u975e\u5e38": [
  300,
  12658
 ],
 "\u89c9\u5f97": [
  301,
  12633
 ],
 "\u8005": [
  302,
  12629
 ],
 "\u8d44\u6e90": [
  303,
  12619
 ],
 "\u95f4": [
  304,
  12601
 ],
 "\u5747": [
  305,
  12601
 ],
 "\u8fdb\u4e00\u6b65": [
  306,
  12480
 ],
 "\u5c4b": [
  307,
  12410
 ],
 "\u672c\u4eba": [
  308,
  12363
 ],
 "\u65b9\u6cd5": [
  309,
  12340
 ],
 "\u4e16\u754c": [
  310,
  12211
 ],
 "\u8fa9\u8bba": [
  311,
  12209
 ],
 "\u5b89\u6392": [
  312,
  12208
 ],
 "\u7b2c\u4e8c": [
  313,
  12162
 ],
 "\u540c\u610f": [
  314,
  12127
 ],
 "\u6210\u7acb": [
  315,
  12118
 ],
 "3": [
  316,
  12094
 ],
 "\u4e3a\u4f55": [
  317,
  12092
 ],
 "\u8c03\u67e5": [
  318,
  11994
 ],
 "\u6761\u6587": [
  319,
  11971
 ],
 "\u7533\u8bf7": [
  320,
  11936
 ],
 "\u786e\u4fdd": [
  321,
  11918
 ],
 "\u81f4\u8f9e": [
  322,
  11890
 ],
 "\u76ee\u6807": [
  323,
  11889
 ],
 "\u5904": [
  324,
  11790
 ],
 "\u4e8b": [
  325,
  11739
 ],
 "\u7ec4\u7ec7": [
  326,
  11704
 ],
 "\u82f1\u56fd": [
  327,
  11669
 ],
 "\u5916": [
  328,
  11665
 ],
 "\u673a\u4f1a": [
  329,
  11656
 ],
 "\u65b0\u534e\u793e": [
  330,
  11654
 ],
 "\u5b9e\u65bd": [
  331,
  11457
 ],
 "\u8fd9\u9879": [
  332,
  11456
 ],
 "\u81f3\u4e8e": [
  333,
  11416
 ],
 "\u4e0a\u8ff0": [
  334,
  11361
 ],
 "\u4f7f\u7528": [
  335,
  11345
 ],
 "\u7ed9": [
  336,
  11306
 ],
 "\u81ea\u5df1": [
  337,
  11228
 ],
 "\u4ea4\u901a": [
  338,
  11215
 ],
 "\u5f00\u652f": [
  339,
  11205
 ],
 "\u6570": [
  340,
  11174
 ],
 "\u6b63": [
  341,
  11154
 ],
 "\u516c\u4f17": [
  342,
  11139
 ],
 "\u5b8c\u5168": [
  343,
  11106
 ],
 "\u90e8\u95e8": [
  344,
  11087
 ],
 "\u7b54": [
  345,
  11081
 ],
 "\u6bcf": [
  346,
  11068
 ],
 "\u5efa\u8bbe": [
  347,
  11055
 ],
 "\u52b3\u5de5": [
  348,
  11048
 ],
 "\u79d1\u6280": [
  349,
  11024
 ],
 "\u6295\u8d44": [
  350,
  11004
 ],
 "\u5730\u65b9": [
  351,
  10996
 ],
 "\u6539\u9769": [
  352,
  10980
 ],
 "\u5de5\u4e1a": [
  353,
  10887
 ],
 "\u4f8b\u5982": [
  354,
  10862
 ],
 "\u5173\u6ce8": [
  355,
  10861
 ],
 "\u4e00\u5b9a": [
  356,
  10736
 ],
 "\u53ef\u5426": [
  357,
  10717
 ],
 "\u5341\u5206": [
  358,
  10710
 ],
 "\u516c\u52a1\u5458": [
  359,
  10605
 ],
 "\u7a0b\u5e8f": [
  360,
  10575
 ],
 "\u4e2d\u5fc3": [
  361,
  10500
 ],
 "\u5168\u9762": [
  362,
  10484
 ],
 "\u4eca\u5e74": [
  363,
  10454
 ],
 "\u6210\u4e3a": [
  364,
  10417
 ],
 "\u516c\u5171": [
  365,
  10327
 ],
 "\u79ef\u6781": [
  366,
  10308
 ],
 "\u5bb6\u5ead": [
  367,
  10227
 ],
 "\u53d7\u5230": [
  368,
  10219
 ],
 "\u6536\u8d39": [
  369,
  10208
 ],
 "\u4f01\u4e1a": [
  370,
  10191
 ],
 "\u5f53": [
  371,
  10176
 ],
 "\u6570\u5b57": [
  372,
  10148
 ],
 "\u63a8\u884c": [
  373,
  10142
 ],
 "\u884c\u52a8": [
  374,
  10141
 ],
 "\u5f00\u59cb": [
  375,
  10098
 ],
 "\u8bfb": [
  376,
  10081
 ],
 "\u4e25\u91cd": [
  377,
  10076
 ],
 "\u5b9a": [
  378,
  10055
 ],
 "\u6700\u540e": [
  379,
  10032
 ],
 "\u79cd": [
  380,
  10015
 ],
 "\u7acb\u6cd5\u4f1a": [
  381,
  10007
 ],
 "\u73b0": [
  382,
  10005
 ],
 "\u672a\u6765": [
  383,
  9971
 ],
 "\u53d6\u5f97": [
  384,
  9928
 ],
 "\u7c7b": [
  385,
  9868
 ],
 "\u571f\u5730": [
  386,
  9863
 ],
 "\u8bb0\u8005": [
  387,
  9826
 ],
 "\u53e6": [
  388,
  9821
 ],
 "\u82e5": [
  389,
  9816
 ],
 "\u6e05\u695a": [
  390,
  9806
 ],
 "\u53d1\u751f": [
  391,
  9794
 ],
 "\u6765\u8bf4": [
  392,
  9784
 ],
 "\u5973\u58eb": [
  393,
  9766
 ],
 "\u5173\u4e8e": [
  394,
  9752
 ],
 "\u5b66\u6821": [
  395,
  9728
 ],
 "\u5f97\u5230": [
  396,
  9652
 ],
 "\u7ba1": [
  397,
  9649
 ],
 "\u5c45\u6c11": [
  398,
  9624
 ],
 "\u7ed3\u679c": [
  399,
  9564
 ],
 "\u539f\u56e0": [
  400,
  9546
 ],
 "\u8bf7": [
  401,
  9541
 ],
 "\u6c34\u5e73": [
  402,
  9480
 ],
 "\u4e00\u76f4": [
  403,
  9399
 ],
 "\u8d28\u8be2": [
  404,
  9337
 ],
 "\u8d1f\u8d23": [
  405,
  9328
 ],
 "\u81ea": [
  406,
  9325
 ],
 "\u4e3e\u884c": [
  407,
  9325
 ],
 "\u4e8b\u5b9e\u4e0a": [
  408,
  9278
 ],
 "\u534f\u52a9": [
  409,
  9276
 ],
 "\u57fa\u672c": [
  410,
  9269
 ],
 "\u6210\u5458": [
  411,
  9243
 ],
 "\u6280\u672f": [
  412,
  9174
 ],
 "\u751f\u6d3b": [
  413,
  9163
 ],
 "\u80fd\u529b": [
  414,
  9153
 ],
 "\u57fa\u672c\u6cd5": [
  415,
  9109
 ],
 "\u5236\u8ba2": [
  416,
  9105
 ],
 "\u589e\u957f": [
  417,
  9076
 ],
 "\u8bdd": [
  418,
  9051
 ],
 "\u6709\u6548": [
  419,
  9023
 ],
 "\u4e13\u4e1a": [
  420,
  9015
 ],
 "\u53d1\u8868": [
  421,
  9015
 ],
 "1": [
  422,
  9002
 ],
 "\u4e8b\u4ef6": [
  423,
  8996
 ],
 "\u5b66\u751f": [
  424,
  8995
 ],
 "\u7ea6": [
  425,
  8984
 ],
 "\u76ee\u7684": [
  426,
  8984
 ],
 "\u8303\u56f4": [
  427,
  8982
 ],
 "\u53cc\u65b9": [
  428,
  8970
 ],
 "\u4e0d\u65ad": [
  429,
  8960
 ],
 "\u7ecf": [
  430,
  8947
 ],
 "\u8d77": [
  431,
  8933
 ],
 "\u900f\u8fc7": [
  432,
  8930
 ],
 "\u5e74\u5ea6": [
  433,
  8926
 ],
 "\u9009\u4e3e": [
  434,
  8905
 ],
 "\u8bae\u4f1a": [
  435,
  8900
 ],
 "\u800c\u4e14": [
  436,
  8880
 ],
 "\u53c2\u4e0e": [
  437,
  8864
 ],
 "\u96c7\u5458": [
  438,
  8812
 ],
 "\u53bb\u5e74": [
  439,
  8800
 ],
 "\u5408\u7406": [
  440,
  8781
 ],
 "\u57fa\u91d1": [
  441,
  8752
 ],
 "\u5236": [
  442,
  8751
 ],
 "\u5b8c\u6210": [
  443,
  8744
 ],
 "\u8bbe\u7acb": [
  444,
  8731
 ],
 "\u7b26\u5408": [
  445,
  8731
 ],
 "\u65b9\u5f0f": [
  446,
  8722
 ],
 "\u4e1a": [
  447,
  8715
 ],
 "\u770b": [
  448,
  8677
 ],
 "\u673a\u573a": [
  449,
  8654
 ],
 "\u663e\u793a": [
  450,
  8635
 ],
 "\u5ba1\u8bae": [
  451,
  8629
 ],
 "\u505a\u6cd5": [
  452,
  8629
 ],
 "\u63d0\u4ea4": [
  453,
  8621
 ],
 "\u7a0e": [
  454,
  8611
 ],
 "\u7cfb\u7edf": [
  455,
  8610
 ],
 "\u6708": [
  456,
  8599
 ],
 "\u5065\u5eb7": [
  457,
  8596
 ],
 "\u636e": [
  458,
  8571
 ],
 "\u4e3a\u4e86": [
  459,
  8546
 ],
 "\u957f\u5b98": [
  460,
  8541
 ],
 "\u52aa\u529b": [
  461,
  8536
 ],
 "\u5317\u4eac": [
  462,
  8532
 ],
 "\u5185\u5bb9": [
  463,
  8496
 ],
 "\u4f46\u662f": [
  464,
  8488
 ],
 "\u6587\u4ef6": [
  465,
  8481
 ],
 "\u5e76\u975e": [
  466,
  8469
 ],
 "\u8fbe": [
  467,
  8425
 ],
 "\u6267\u884c": [
  468,
  8419
 ],
 "\u7406\u7531": [
  469,
  8408
 ],
 "\u4eba\u6743": [
  470,
  8375
 ],
 "\u89c4\u5212": [
  471,
  8371
 ],
 "\u4e00\u70b9": [
  472,
  8371
 ],
 "\u9002\u5f53": [
  473,
  8370
 ],
 "\u94f6\u884c": [
  474,
  8344
 ],
 "\u4fdd\u5b89": [
  475,
  8312
 ],
 "\u5355\u4f4d": [
  476,
  8302
 ],
 "\u57fa\u7840": [
  477,
  8301
 ],
 "\u9700": [
  478,
  8301
 ],
 "\u9648": [
  479,
  8288
 ],
 "\u6210\u672c": [
  480,
  8252
 ],
 "\u8bbe\u65bd": [
  481,
  8231
 ],
 "\u6807\u51c6": [
  482,
  8189
 ],
 "\u9020\u6210": [
  483,
  8155
 ],
 "\u533b\u9662": [
  484,
  8144
 ],
 "\u516c\u5e73": [
  485,
  8125
 ],
 "\u8fd0\u8f93": [
  486,
  8103
 ],
 "\u89e3\u91ca": [
  487,
  8087
 ],
 "\u4e2a\u6848": [
  488,
  8084
 ],
 "\u8fd0\u4f5c": [
  489,
  8081
 ],
 "\u6743\u529b": [
  490,
  8081
 ],
 "\u7a33\u5b9a": [
  491,
  8052
 ],
 "\u8bbf\u95ee": [
  492,
  8052
 ],
 "\u8d22\u653f\u53f8": [
  493,
  8045
 ],
 "\u90a3\u4e9b": [
  494,
  8044
 ],
 "\u5b9e\u9645": [
  495,
  8035
 ],
 "\u6536\u5165": [
  496,
  8020
 ],
 "\u672c\u5730": [
  497,
  8017
 ],
 "\u5f3a\u8c03": [
  498,
  8012
 ],
 "\u7b2c": [
  499,
  8003
 ],
 "\u533b\u7597": [
  500,
  7985
 ],
 "\u52a0\u5165": [
  501,
  7954
 ],
 "\u6d89\u53ca": [
  502,
  7952
 ],
 "\u603b\u7763": [
  503,
  7929
 ],
 "\u8db3\u591f": [
  504,
  7925
 ],
 "\u540c": [
  505,
  7915
 ],
 "\u8bfe\u7a0b": [
  506,
  7911
 ],
 "\u6cd5": [
  507,
  7872
 ],
 "\u7ade\u4e89": [
  508,
  7857
 ],
 "\u515a": [
  509,
  7833
 ],
 "\u81ea\u7531": [
  510,
  7827
 ],
 "\u6761\u4ef6": [
  511,
  7823
 ],
 "\u96c7\u4e3b": [
  512,
  7803
 ],
 "\u8d39\u7528": [
  513,
  7789
 ],
 "\u4ecd\u7136": [
  514,
  7782
 ],
 "\u4f4e": [
  515,
  7769
 ],
 "\u81f4": [
  516,
  7759
 ],
 "\u90a3": [
  517,
  7756
 ],
 "\u4ee5\u6765": [
  518,
  7755
 ],
 "\u611f\u5230": [
  519,
  7742
 ],
 "\u6709\u4e9b": [
  520,
  7741
 ],
 "\u751f": [
  521,
  7725
 ],
 "\u56f0\u96be": [
  522,
  7722
 ],
 "\u9762\u5bf9": [
  523,
  7709
 ],
 "\u9996\u5148": [
  524,
  7695
 ],
 "\u544a\u77e5": [
  525,
  7691
 ],
 "\u7ba1\u5236": [
  526,
  7679
 ],
 "\u5546": [
  527,
  7672
 ],
 "\u6700\u8fd1": [
  528,
  7671
 ],
 "\u4e4b\u95f4": [
  529,
  7671
 ],
 "\u8d44\u52a9": [
  530,
  7647
 ],
 "\u6574\u4f53": [
  531,
  7629
 ],
 "\u6309": [
  532,
  7603
 ],
 "\u4e00\u822c": [
  533,
  7580
 ],
 "\u94c1\u8def": [
  534,
  7558
 ],
 "\u5b83": [
  535,
  7509
 ],
 "\u9980": [
  536,
  7499
 ],
 "\u65e5": [
  537,
  7457
 ],
 "\u6c11\u4e3b": [
  538,
  7454
 ],
 "\u5b98\u5458": [
  539,
  7376
 ],
 "\u51cf\u5c11": [
  540,
  7329
 ],
 "\u7cbe\u795e": [
  541,
  7316
 ],
 "\u5de5\u4eba": [
  542,
  7308
 ],
 "\u540c\u4e8b": [
  543,
  7305
 ],
 "\u6bb5": [
  544,
  7305
 ],
 "\u5b9e\u5728": [
  545,
  7286
 ],
 "\u884c\u4e1a": [
  546,
  7233
 ],
 "\u4fc3\u8fdb": [
  547,
  7228
 ],
 "\u56e2\u4f53": [
  548,
  7216
 ],
 "\u65bd\u653f": [
  549,
  7210
 ],
 "\u57f9\u8bad": [
  550,
  7208
 ],
 "\u8001\u4eba": [
  551,
  7203
 ],
 "\u8c08": [
  552,
  7186
 ],
 "\u6295\u8bc9": [
  553,
  7185
 ],
 "\u7f8e": [
  554,
  7176
 ],
 "\u603b\u7edf": [
  555,
  7171
 ],
 "\u5404\u9879": [
  556,
  7162
 ],
 "\u7ef4\u6301": [
  557,
  7161
 ],
 "\u8d38\u6613": [
  558,
  7154
 ],
 "\u5c11": [
  559,
  7140
 ],
 "\u59d4\u5458": [
  560,
  7114
 ],
 "\u56e0\u7d20": [
  561,
  7114
 ],
 "\u4e86\u89e3": [
  562,
  7106
 ],
 "\u76f4\u63a5": [
  563,
  7098
 ],
 "\u5386\u53f2": [
  564,
  7035
 ],
 "\u9700\u6c42": [
  565,
  7032
 ],
 "\u4fdd\u62a4": [
  566,
  7007
 ],
 "\u90e8": [
  567,
  6990
 ],
 "\u6bcf\u5e74": [
  568,
  6988
 ],
 "\u76d1\u5bdf": [
  569,
  6980
 ],
 "\u5c31\u4e1a": [
  570,
  6961
 ],
 "\u8f7d": [
  571,
  6930
 ],
 "\u51e0": [
  572,
  6927
 ],
 "\u751a\u81f3": [
  573,
  6926
 ],
 "\u9009\u62e9": [
  574,
  6911
 ],
 "\u4f5c\u7528": [
  575,
  6877
 ],
 "\u9650\u5236": [
  576,
  6864
 ],
 "\u9636\u6bb5": [
  577,
  6851
 ],
 "\u754c": [
  578,
  6849
 ],
 "\u6570\u76ee": [
  579,
  6842
 ],
 "\u671f\u95f4": [
  580,
  6828
 ],
 "\u79c1\u4eba": [
  581,
  6819
 ],
 "\u91d1\u878d": [
  582,
  6815
 ],
 "\u8d85\u8fc7": [
  583,
  6813
 ],
 "\u65e5\u672c": [
  584,
  6806
 ],
 "\u6bd4": [
  585,
  6805
 ],
 "\u2500": [
  586,
  6790
 ],
 "\u6539\u53d8": [
  587,
  6774
 ],
 "\u5185\u5730": [
  588,
  6757
 ],
 "\u9f13\u52b1": [
  589,
  6736
 ],
 "\u6027": [
  590,
  6730
 ],
 "\u8b66\u65b9": [
  591,
  6729
 ],
 "\u5929": [
  592,
  6709
 ],
 "\u6211\u8c28": [
  593,
  6703
 ],
 "\u6839\u672c": [
  594,
  6700
 ],
 "\u5165": [
  595,
  6699
 ],
 "\u5b97": [
  596,
  6690
 ],
 "\u6587\u5316": [
  597,
  6683
 ],
 "\u91c7\u7528": [
  598,
  6676
 ],
 "\u697c\u5b87": [
  599,
  6676
 ],
 "\u6743\u5229": [
  600,
  6672
 ],
 "\u673a\u5236": [
  601,
  6665
 ],
 "\u5efa\u7acb": [
  602,
  6642
 ],
 "\u5171\u540c": [
  603,
  6638
 ],
 "\u65f6\u5019": [
  604,
  6632
 ],
 "\u7b2c\u4e09": [
  605,
  6628
 ],
 "\u5c31\u662f": [
  606,
  6627
 ],
 "\u7ed9\u4e88": [
  607,
  6611
 ],
 "\u5174\u5efa": [
  608,
  6608
 ],
 "\u5373\u4f7f": [
  609,
  6591
 ],
 "\u8fbe\u5230": [
  610,
  6587
 ],
 "\u7edf\u7b79": [
  611,
  6582
 ],
 "\u9879\u76ee": [
  612,
  6571
 ],
 "\u534f\u8bae": [
  613,
  6570
 ],
 "\u5f53\u65f6": [
  614,
  6564
 ],
 "\u4e0d\u5c11": [
  615,
  6555
 ],
 "\u4f9b": [
  616,
  6536
 ],
 "\u7a0b\u5ea6": [
  617,
  6528
 ],
 "\u4eba\u53e3": [
  618,
  6523
 ],
 "\u5e26\u6765": [
  619,
  6494
 ],
 "\u6210\u529f": [
  620,
  6485
 ],
 "\u5360": [
  621,
  6472
 ],
 "\u6b63\u5982": [
  622,
  6466
 ],
 "\u8bf7\u95ee": [
  623,
  6455
 ],
 "\u5e02": [
  624,
  6439
 ],
 "\u7ecf\u8425": [
  625,
  6434
 ],
 "\u9884\u7b97\u6848": [
  626,
  6426
 ],
 "\u4ea7\u751f": [
  627,
  6421
 ],
 "\u4f1a\u89c1": [
  628,
  6405
 ],
 "\u591a\u5c11": [
  629,
  6402
 ],
 "\u7136\u800c": [
  630,
  6397
 ],
 "\u73b0\u884c": [
  631,
  6388
 ],
 "\u592a": [
  632,
  6383
 ],
 "\u6307": [
  633,
  6344
 ],
 "\u76d1\u7ba1": [
  634,
  6327
 ],
 "\u4fdd\u6301": [
  635,
  6326
 ],
 "\u8fc7\u7a0b": [
  636,
  6318
 ],
 "\u7740": [
  637,
  6286
 ],
 "\u4ee3\u7406": [
  638,
  6271
 ],
 "5": [
  639,
  6267
 ],
 "\u672c\u8eab": [
  640,
  6266
 ],
 "\u9664\u4e86": [
  641,
  6262
 ],
 "\u8d28\u7d20": [
  642,
  6254
 ],
 "\u548c\u5e73": [
  643,
  6248
 ],
 "\u4e2d\u592e": [
  644,
  6242
 ],
 "\u5c0f": [
  645,
  6232
 ],
 "\u884c\u4e3a": [
  646,
  6221
 ],
 "\u5206\u522b": [
  647,
  6217
 ],
 "\u957f": [
  648,
  6181
 ],
 "\u63f4\u52a9": [
  649,
  6163
 ],
 "\u4e88\u4ee5": [
  650,
  6156
 ],
 "\u5145\u5206": [
  651,
  6154
 ],
 "\u52a0": [
  652,
  6144
 ],
 "\u540c\u6837": [
  653,
  6122
 ],
 "\u4eba\u6570": [
  654,
  6100
 ],
 "\u516c\u5f00": [
  655,
  6094
 ],
 "\u8c03\u6574": [
  656,
  6067
 ],
 "\u7ecf\u9a8c": [
  657,
  6065
 ],
 "\u63d0\u53ca": [
  658,
  6064
 ],
 "\u4e4b\u524d": [
  659,
  6058
 ],
 "\u660e\u767d": [
  660,
  6051
 ],
 "\u7279\u533a": [
  661,
  6036
 ],
 "\u6c5f\u6cfd\u6c11": [
  662,
  6036
 ],
 "\u4e2a\u4eba": [
  663,
  6035
 ],
 "\u4e66": [
  664,
  6031
 ],
 "\u65b9\u6848": [
  665,
  6011
 ],
 "\u4ee5\u4e0a": [
  666,
  5999
 ],
 "\u8bad\u7ec3": [
  667,
  5993
 ],
 "\u6001\u5ea6": [
  668,
  5982
 ],
 "\u8865\u5145": [
  669,
  5963
 ],
 "\u85aa": [
  670,
  5958
 ],
 "\u5b58\u5728": [
  671,
  5946
 ],
 "\u5c5e": [
  672,
  5946
 ],
 "\u72ec\u7acb": [
  673,
  5944
 ],
 "\u8be6\u7ec6": [
  674,
  5927
 ],
 "\u957f\u8fdc": [
  675,
  5917
 ],
 "\u5ba3\u5e03": [
  676,
  5910
 ],
 "\u53d1\u51fa": [
  677,
  5892
 ],
 "4": [
  678,
  5888
 ],
 "\u529e\u6cd5": [
  679,
  5875
 ],
 "\u4ee5\u4fbf": [
  680,
  5855
 ],
 "\u6279\u51c6": [
  681,
  5850
 ],
 "\u5e2e\u52a9": [
  682,
  5828
 ],
 "\u8868\u51b3": [
  683,
  5822
 ],
 "\u771f\u6b63": [
  684,
  5763
 ],
 "\u4e4b\u540e": [
  685,
  5761
 ],
 "\u4fdd\u8bc1": [
  686,
  5746
 ],
 "\u8bc4\u4f30": [
  687,
  5727
 ],
 "\u4fee\u6539": [
  688,
  5722
 ],
 "\u8f6e": [
  689,
  5715
 ],
 "\u91cd\u5927": [
  690,
  5713
 ],
 "\u5546\u4e1a": [
  691,
  5711
 ],
 "\u4e8b\u5b9e": [
  692,
  5686
 ],
 "\u5f00\u653e": [
  693,
  5661
 ],
 "\u63a8\u52a8": [
  694,
  5654
 ],
 "\u6bd4\u8f83": [
  695,
  5651
 ],
 "\u76d1": [
  696,
  5616
 ],
 "\u4fee\u6b63": [
  697,
  5615
 ],
 "\u8054\u5408": [
  698,
  5611
 ],
 "\u62e8\u6b3e": [
  699,
  5574
 ],
 "\u4ea6\u4f1a": [
  700,
  5563
 ],
 "\u800c\u8a00": [
  701,
  5551
 ],
 "\u516c": [
  702,
  5535
 ],
 "\u5df4\u58eb": [
  703,
  5517
 ],
 "\u6cd5\u9662": [
  704,
  5515
 ],
 "\u90a3\u4e48": [
  705,
  5491
 ],
 "\u8f9e": [
  706,
  5475
 ],
 "\u6b22\u8fce": [
  707,
  5471
 ],
 "\u53c2\u52a0": [
  708,
  5462
 ],
 "\u4eca": [
  709,
  5458
 ],
 "\u89c4\u4f8b": [
  710,
  5456
 ],
 "\u6709\u6240": [
  711,
  5451
 ],
 "\u627f\u8bfa": [
  712,
  5450
 ],
 "\u52a0\u4ee5": [
  713,
  5448
 ],
 "\u6574\u4e2a": [
  714,
  5432
 ],
 "\u53cd\u6620": [
  715,
  5431
 ],
 "\u7acb\u573a": [
  716,
  5423
 ],
 "\u627f\u62c5": [
  717,
  5420
 ],
 "\u5229\u7528": [
  718,
  5415
 ],
 "\u975e": [
  719,
  5413
 ],
 "\u53cd": [
  720,
  5396
 ],
 "\u53f7": [
  721,
  5394
 ],
 "\u6ce8\u518c": [
  722,
  5393
 ],
 "\u9886\u5bfc": [
  723,
  5377
 ],
 "\u989d": [
  724,
  5376
 ],
 "\u7a76\u7adf": [
  725,
  5372
 ],
 "\u513f\u7ae5": [
  726,
  5370
 ],
 "\u5979": [
  727,
  5366
 ],
 "\u7f6a\u884c": [
  728,
  5362
 ],
 "\u8d5e\u6210": [
  729,
  5334
 ],
 "\u9996": [
  730,
  5331
 ],
 "\u603b\u7406": [
  731,
  5330
 ],
 "\u8bf4\u660e": [
  732,
  5329
 ],
 "\u7b56\u7565": [
  733,
  5323
 ],
 "\u7ecf\u5e38": [
  734,
  5318
 ],
 "\u6559\u5e08": [
  735,
  5309
 ],
 "\u6309\u7167": [
  736,
  5294
 ],
 "\u5b9e\u884c": [
  737,
  5294
 ],
 "\u51cf": [
  738,
  5285
 ],
 "10": [
  739,
  5285
 ],
 "\u987e\u95ee": [
  740,
  5277
 ],
 "\u7ecf\u8fc7": [
  741,
  5276
 ],
 "\u5c3d\u5feb": [
  742,
  5259
 ],
 "\u56de\u7b54": [
  743,
  5252
 ],
 "\u63d0\u5230": [
  744,
  5251
 ],
 "\u67d0\u4e9b": [
  745,
  5248
 ],
 "\u4e00\u6837": [
  746,
  5206
 ],
 "\u5177\u4f53": [
  747,
  5191
 ],
 "\u4e0d\u8db3": [
  748,
  5185
 ],
 "\u8d44\u683c": [
  749,
  5182
 ],
 "\u8bae\u9898": [
  750,
  5180
 ],
 "\u539f": [
  751,
  5176
 ],
 "\u5171": [
  752,
  5173
 ],
 "\u8bb8\u591a": [
  753,
  5163
 ],
 "\u76f8\u5f53": [
  754,
  5160
 ],
 "\u5f85": [
  755,
  5153
 ],
 "\u8f66\u8f86": [
  756,
  5145
 ],
 "\u5b9e\u73b0": [
  757,
  5144
 ],
 "\u5927\u5b66": [
  758,
  5108
 ],
 "\u53cb\u597d": [
  759,
  5102
 ],
 "\u5f8b\u5e08": [
  760,
  5101
 ],
 "\u671f": [
  761,
  5101
 ],
 "\u5dff": [
  762,
  5063
 ],
 "\u56db": [
  763,
  5056
 ],
 "\u843d\u5b9e": [
  764,
  5053
 ],
 "\u6b3e": [
  765,
  5051
 ],
 "\u770b\u5230": [
  766,
  5044
 ],
 "\u62e5\u6709": [
  767,
  5043
 ],
 "\u4f4f": [
  768,
  5042
 ],
 "\u57fa\u4e8e": [
  769,
  5038
 ],
 "\u6279": [
  770,
  5038
 ],
 "\u5e7f\u6cdb": [
  771,
  5035
 ],
 "\u575a\u6301": [
  772,
  5021
 ],
 "\u600e\u6837": [
  773,
  5011
 ],
 "\u8d1f\u62c5": [
  774,
  5006
 ],
 "\u826f\u597d": [
  775,
  5001
 ],
 "\u5c81": [
  776,
  4980
 ],
 "\u5168": [
  777,
  4976
 ],
 "\u56de\u5e94": [
  778,
  4971
 ],
 "\u4e24\u5cb8": [
  779,
  4970
 ],
 "\u53f8\u957f": [
  780,
  4968
 ],
 "\u4fe1\u5fc3": [
  781,
  4956
 ],
 "\u9053\u8def": [
  782,
  4952
 ],
 "\u8ba1\u7b97": [
  783,
  4949
 ],
 "\u660e\u663e": [
  784,
  4947
 ],
 "\u6c11\u4e3b\u515a": [
  785,
  4942
 ],
 "\u975e\u6cd5": [
  786,
  4929
 ],
 "\u5730\u4f4d": [
  787,
  4921
 ],
 "\u80af\u5b9a": [
  788,
  4914
 ],
 "\u5c06\u6765": [
  789,
  4912
 ],
 "\u957f\u671f": [
  790,
  4909
 ],
 "\u65e9": [
  791,
  4903
 ],
 "\u73b0\u6709": [
  792,
  4902
 ],
 "\u53d1": [
  793,
  4899
 ],
 "\u6301\u7eed": [
  794,
  4896
 ],
 "\u8054": [
  795,
  4878
 ],
 "\u6cd5\u6848": [
  796,
  4877
 ],
 "\u4e16\u7eaa": [
  797,
  4868
 ],
 "\u4ee3": [
  798,
  4859
 ],
 "\u624d\u80fd": [
  799,
  4852
 ],
 "\u5168\u90e8": [
  800,
  4850
 ],
 "\u5177\u6709": [
  801,
  4849
 ],
 "\u673a\u5173": [
  802,
  4836
 ],
 "\u6210": [
  803,
  4835
 ],
 "\u5148": [
  804,
  4812
 ],
 "\u516c\u5e03": [
  805,
  4811
 ],
 "\u5957": [
  806,
  4808
 ],
 "\u4e88": [
  807,
  4799
 ],
 "\u58f0\u660e": [
  808,
  4787
 ],
 "\u68c0": [
  809,
  4787
 ],
 "\u6211\u56fd": [
  810,
  4774
 ],
 "\u63a7": [
  811,
  4762
 ],
 "\u59d4\u4efb": [
  812,
  4743
 ],
 "\u503c\u5f97": [
  813,
  4730
 ],
 "\u5ba3\u4f20": [
  814,
  4727
 ],
 "\u5f62\u5f0f": [
  815,
  4725
 ],
 "\u5236\u5b9a": [
  816,
  4721
 ],
 "\u914d\u5408": [
  817,
  4719
 ],
 "\u5fc5\u8981": [
  818,
  4711
 ],
 "\u4ee5\u4e0b": [
  819,
  4705
 ],
 "\u7167\u987e": [
  820,
  4697
 ],
 "\u4e2a\u522b": [
  821,
  4693
 ],
 "\u5931\u4e1a": [
  822,
  4693
 ],
 "\u4f3c\u4e4e": [
  823,
  4678
 ],
 "\u6743": [
  824,
  4673
 ],
 "\u7edd\u5bf9": [
  825,
  4673
 ],
 "\u91cd\u89c6": [
  826,
  4666
 ],
 "\u5982\u6b64": [
  827,
  4666
 ],
 "\u8f6c": [
  828,
  4656
 ],
 "\u4f55": [
  829,
  4649
 ],
 "\u660e\u786e": [
  830,
  4645
 ],
 "\u6b63\u786e": [
  831,
  4642
 ],
 "\u4e5d": [
  832,
  4632
 ],
 "\u6d77\u5916": [
  833,
  4622
 ],
 "\u6269\u5927": [
  834,
  4619
 ],
 "\u5bfc\u81f4": [
  835,
  4610
 ],
 "\u771f": [
  836,
  4608
 ],
 "\u4e4b\u4e00": [
  837,
  4600
 ],
 "\u7edf\u4e00": [
  838,
  4597
 ],
 "\u79c1\u8425": [
  839,
  4596
 ],
 "\u4ef6": [
  840,
  4592
 ],
 "\u8054\u5408\u56fd": [
  841,
  4584
 ],
 "\u8d44\u8baf": [
  842,
  4581
 ],
 "\u5e73\u5747": [
  843,
  4581
 ],
 "\u5e94\u4ed8": [
  844,
  4578
 ],
 "\u6240\u8c13": [
  845,
  4572
 ],
 "\u603b": [
  846,
  4565
 ],
 "\u5f15\u8d77": [
  847,
  4558
 ],
 "\u4e8b\u5b9c": [
  848,
  4554
 ],
 "\u613f\u610f": [
  849,
  4547
 ],
 "\u6b63\u5f0f": [
  850,
  4545
 ],
 "\u89c4": [
  851,
  4540
 ],
 "\u7ba1\u7406\u5c40": [
  852,
  4539
 ],
 "\u8bc1\u660e": [
  853,
  4537
 ],
 "\u5404\u79cd": [
  854,
  4533
 ],
 "\u6253\u51fb": [
  855,
  4527
 ],
 "\u9000\u4f11": [
  856,
  4526
 ],
 "\u5408\u7ea6": [
  857,
  4522
 ],
 "\u51c6\u5907": [
  858,
  4520
 ],
 "\u5e74\u6765": [
  859,
  4520
 ],
 "\u8d1f": [
  860,
  4517
 ],
 "\u9009": [
  861,
  4511
 ],
 "\u5177": [
  862,
  4486
 ],
 "\u65e0\u6cd5": [
  863,
  4483
 ],
 "\u4ea4": [
  864,
  4480
 ],
 "\u53d1\u6325": [
  865,
  4475
 ],
 "\u4e8b\u60c5": [
  866,
  4474
 ],
 "\u624b": [
  867,
  4473
 ],
 "\u5217": [
  868,
  4453
 ],
 "\u67d0": [
  869,
  4450
 ],
 "\u53ea\u662f": [
  870,
  4448
 ],
 "\u89c4\u5219": [
  871,
  4446
 ],
 "\u4e34\u65f6": [
  872,
  4426
 ],
 "\u800c\u662f": [
  873,
  4425
 ],
 "\u804c\u4f4d": [
  874,
  4401
 ],
 "\u8f66": [
  875,
  4400
 ],
 "\u724c": [
  876,
  4399
 ],
 "\u653f": [
  877,
  4395
 ],
 "\u5e76\u4e14": [
  878,
  4390
 ],
 "\u91cd\u5efa": [
  879,
  4380
 ],
 "2": [
  880,
  4380
 ],
 "\u6c61\u67d3": [
  881,
  4378
 ],
 "\u601d\u60f3": [
  882,
  4375
 ],
 "\u7968": [
  883,
  4359
 ],
 "\u91d1": [
  884,
  4354
 ],
 "\u7b80\u5355": [
  885,
  4354
 ],
 "\u519b\u4e8b": [
  886,
  4337
 ],
 "\u5c4a": [
  887,
  4337
 ],
 "\u73b0\u6b63": [
  888,
  4331
 ],
 "\u7ef4\u62a4": [
  889,
  4329
 ],
 "\u5982\u4e0b": [
  890,
  4317
 ],
 "\u5458\u5de5": [
  891,
  4297
 ],
 "\u4e1a\u4e3b": [
  892,
  4282
 ],
 "\u91cd\u65b0": [
  893,
  4278
 ],
 "\u4e2d\u56fd\u653f\u5e9c": [
  894,
  4269
 ],
 "\u6ca1": [
  895,
  4261
 ],
 "\u75c5\u4eba": [
  896,
  4255
 ],
 "\u4f30\u8ba1": [
  897,
  4251
 ],
 "\u5206": [
  898,
  4250
 ],
 "\u4ee4\u4eba": [
  899,
  4247
 ],
 "\u96be": [
  900,
  4246
 ],
 "\u8c08\u5224": [
  901,
  4243
 ],
 "\u4ea7\u54c1": [
  902,
  4242
 ],
 "\u533b\u751f": [
  903,
  4242
 ],
 "\u5b66\u4e60": [
  904,
  4240
 ],
 "\u5165\u5883": [
  905,
  4232
 ],
 "\u4e9b": [
  906,
  4227
 ],
 "\u53f8\u6cd5": [
  907,
  4223
 ],
 "\u9752\u5c11\u5e74": [
  908,
  4214
 ],
 "\u8ddf": [
  909,
  4211
 ],
 "\u8868\u73b0": [
  910,
  4205
 ],
 "\u56de": [
  911,
  4201
 ],
 "\u529f\u80fd": [
  912,
  4196
 ],
 "\u57ce\u5e02": [
  913,
  4191
 ],
 "\u7f8e\u5143": [
  914,
  4185
 ],
 "\u6781": [
  915,
  4178
 ],
 "\u4eba\u624d": [
  916,
  4177
 ],
 "\u7f3a\u4e4f": [
  917,
  4169
 ],
 "\u6295\u7968": [
  918,
  4168
 ],
 "\u5c45": [
  919,
  4164
 ],
 "\u65e2": [
  920,
  4157
 ],
 "\u4e2d\u65b9": [
  921,
  4154
 ],
 "\u660e": [
  922,
  4154
 ],
 "\u5bb6": [
  923,
  4149
 ],
 "\u63a5": [
  924,
  4147
 ],
 "\u538b\u529b": [
  925,
  4143
 ],
 "\u8fdb\u5165": [
  926,
  4139
 ],
 "\u5916\u56fd": [
  927,
  4131
 ],
 "\u6279\u8bc4": [
  928,
  4117
 ],
 "\u63a7\u5236": [
  929,
  4105
 ],
 "\u89c1": [
  930,
  4105
 ],
 "\u907f\u514d": [
  931,
  4095
 ],
 "\u8fd9\u91cc": [
  932,
  4087
 ],
 "\u79df\u91d1": [
  933,
  4083
 ],
 "\u79d1": [
  934,
  4079
 ],
 "\u9002\u7528": [
  935,
  4076
 ],
 "\u9884\u7b97": [
  936,
  4070
 ],
 "\u65b0\u754c": [
  937,
  4065
 ],
 "\u6700\u9ad8": [
  938,
  4061
 ],
 "\u73af\u4fdd": [
  939,
  4053
 ],
 "\u610f\u5916": [
  940,
  4051
 ],
 "\u8bbe\u8ba1": [
  941,
  4050
 ],
 "\u53ea\u6709": [
  942,
  4031
 ],
 "\u7ed3\u6784": [
  943,
  4029
 ],
 "\u4e8b\u9879": [
  944,
  4019
 ],
 "\u6062\u590d": [
  945,
  3995
 ],
 "\u89c6": [
  946,
  3988
 ],
 "\u67b6\u6784": [
  947,
  3982
 ],
 "\u518d\u6b21": [
  948,
  3981
 ],
 "\u6cd5\u5b9a": [
  949,
  3970
 ],
 "\u652f\u63f4": [
  950,
  3970
 ],
 "\u6548\u7387": [
  951,
  3966
 ],
 "\u5316": [
  952,
  3961
 ],
 "\u51fa\u5e2d": [
  953,
  3957
 ],
 "\u63f4": [
  954,
  3956
 ],
 "\u6848\u4ef6": [
  955,
  3941
 ],
 "\u5dee": [
  956,
  3932
 ],
 "\u89d2\u8272": [
  957,
  3931
 ],
 "\u7edf\u8ba1": [
  958,
  3930
 ],
 "\u6b67\u89c6": [
  959,
  3930
 ],
 "\u5c24\u5176": [
  960,
  3923
 ],
 "\u4e89\u53d6": [
  961,
  3914
 ],
 "\u7eaa\u5f55": [
  962,
  3912
 ],
 "\u6218\u7565": [
  963,
  3910
 ],
 "\u653f\u5c40": [
  964,
  3907
 ],
 "\u5168\u56fd": [
  965,
  3906
 ],
 "6": [
  966,
  3900
 ],
 "\u6d88\u8d39\u8005": [
  967,
  3900
 ],
 "\u63d0": [
  968,
  3899
 ],
 "\u4ef7\u683c": [
  969,
  3898
 ],
 "\u4ea6\u6709": [
  970,
  3883
 ],
 "\u4fdd\u7559": [
  971,
  3879
 ],
 "\u5c3d\u91cf": [
  972,
  3871
 ],
 "\u5bb9\u8bb8": [
  973,
  3869
 ],
 "\u7ed3\u675f": [
  974,
  3868
 ],
 "\u6c34": [
  975,
  3860
 ],
 "\u6cd5\u5ead": [
  976,
  3855
 ],
 "\u5355": [
  977,
  3851
 ],
 "\u51c6\u5219": [
  978,
  3848
 ],
 "\u770b\u6cd5": [
  979,
  3848
 ],
 "\u53d1\u73b0": [
  980,
  3843
 ],
 "\u8d8a\u5357": [
  981,
  3843
 ],
 "\u8868": [
  982,
  3838
 ],
 "\u7136\u540e": [
  983,
  3831
 ],
 "\u5927\u91cf": [
  984,
  3830
 ],
 "\u4ed8": [
  985,
  3823
 ],
 "\u6d25\u8d34": [
  986,
  3822
 ],
 "\u4e0a\u5347": [
  987,
  3816
 ],
 "\u623f\u59d4\u4f1a": [
  988,
  3805
 ],
 "\u9632\u6b62": [
  989,
  3784
 ],
 "\u7ad9": [
  990,
  3784
 ],
 "\u4f8b\u5b50": [
  991,
  3784
 ],
 "\u6700\u7ec8": [
  992,
  3780
 ],
 "\u66fe\u7ecf": [
  993,
  3778
 ],
 "\u4e00\u5207": [
  994,
  3775
 ],
 "\u4f9b\u5e94": [
  995,
  3771
 ],
 "\u4e00\u81f4": [
  996,
  3767
 ],
 "\u6b63\u5728": [
  997,
  3764
 ]
}